{
  "1": {
    "F": 0.012093164115502094,
    "p": 0.9125036053323653
  },
  "2": {
    "F": 0.07447734384262482,
    "p": 0.9282448962206225
  },
  "3": {
    "F": 0.1630011986828286,
    "p": 0.921213071508786
  }
}