{
  "mse": 0.1046019819616468,
  "gamma": 1.2,
  "Ec": 0.0256589558560554
}